,date,ndvi
1991,2000-01-03,
1109,2000-01-11,0.4130047783255577
1553,2000-01-11,0.41324170785290854
189,2000-01-18,0.4045570543301957
569,2000-01-26,0.41984817625156473
1554,2000-01-27,
1110,2000-01-27,
190,2000-02-03,0.423710257347141
570,2000-02-11,0.4386729672551155
191,2000-02-19,
1992,2000-02-20,0.4151180059249912
1555,2000-02-28,0.46473101233797415
1111,2000-02-28,0.46474419720470905
192,2000-03-06,0.42707111739686554
1993,2000-03-07,
1112,2000-03-15,
1556,2000-03-15,
193,2000-03-22,0.4504774098417589
1557,2000-03-31,0.4558438805064985
1113,2000-03-31,0.456079170906118
194,2000-04-07,
1114,2000-04-16,
1558,2000-04-16,
195,2000-04-23,0.49113751628569197
1115,2000-05-02,0.48008330964616364
1559,2000-05-02,0.47916939575225115
1994,2000-05-10,
1560,2000-05-18,
1116,2000-05-18,
196,2000-05-25,0.536641251295805
571,2000-06-02,
1561,2000-06-03,0.1500807565503887
1117,2000-06-03,0.1360259103987898
197,2000-06-10,0.47823395872754715
572,2000-06-18,0.5780791722770249
198,2000-06-26,
199,2000-07-12,0.6313406102004506
200,2000-07-28,0.6127089371106454
2143,2000-07-29,0.03836442707549958
1995,2000-07-29,
1562,2000-08-06,0.5767659901508263
1118,2000-08-06,0.5924587098083326
1563,2000-08-22,
1119,2000-08-22,
1996,2000-08-30,0.40211763259555616
1120,2000-09-07,
1564,2000-09-07,
1997,2000-09-15,0.5443834433598178
573,2000-09-22,0.586015759302037
1565,2000-09-23,
1121,2000-09-23,
201,2000-09-30,
1998,2000-10-01,
1566,2000-10-09,0.5672272433127676
1122,2000-10-09,0.567900405398437
202,2000-10-16,0.5384381450712681
574,2000-10-24,0.5288709657532829
1567,2000-10-25,
1123,2000-10-25,
203,2000-11-01,
1568,2000-11-10,0.5152842154992479
1124,2000-11-10,0.5192939724240984
204,2000-11-17,0.47704264521598816
1999,2000-11-18,0.4683492119823183
2144,2000-11-18,0.47165699143494877
1125,2000-11-26,0.47618066253406666
1569,2000-11-26,0.47689613699913025
205,2000-12-03,0.4904113638081721
575,2000-12-11,0.4915050145770823
1126,2000-12-12,0.47060649815414635
1570,2000-12-12,0.4670618016804967
1571,2000-12-28,0.45809739216097767
1127,2000-12-28,0.462562050138201
206,2001-01-04,0.49063893354364807
2000,2001-01-05,0.4589842733527933
2145,2001-01-05,0.46487582315291676
576,2001-01-12,0.45838858639555313
1128,2001-01-13,0.4680415333381721
1572,2001-01-13,0.4649208217327084
207,2001-01-20,
2001,2001-01-21,0.4665620239185435
577,2001-01-28,0.3942773677408695
1573,2001-01-29,
1129,2001-01-29,0.34009132401219433
208,2001-02-05,
2146,2001-02-06,0.4735847142125879
2002,2001-02-06,0.4718905429222754
578,2001-02-13,
1574,2001-02-14,
1130,2001-02-14,
209,2001-02-21,
2003,2001-02-22,
579,2001-03-01,0.48607271324310986
1575,2001-03-02,0.47335904357688763
1131,2001-03-02,0.474082331306168
210,2001-03-09,0.4853660568062748
2147,2001-03-10,0.4828792358083384
2004,2001-03-10,0.4763676840811968
580,2001-03-17,
1132,2001-03-18,0.4960973230855806
1576,2001-03-18,0.4919259165014539
211,2001-03-25,
1133,2001-04-03,
1577,2001-04-03,
581,2001-04-18,0.5223151173974786
1134,2001-04-19,
1578,2001-04-19,
212,2001-04-26,0.5535069922251361
1579,2001-05-05,
213,2001-05-12,0.47952531012041233
2148,2001-05-13,
582,2001-05-20,
583,2001-06-05,0.5298934355378151
1580,2001-06-06,0.6022569430725915
1135,2001-06-06,0.6118786308382239
214,2001-06-13,
1136,2001-06-22,
1581,2001-06-22,
215,2001-06-29,
2005,2001-06-30,
584,2001-07-07,
216,2001-07-15,
2006,2001-07-16,
1582,2001-07-24,0.5750643962195942
1137,2001-07-24,0.4717443840844291
2149,2001-08-01,
2007,2001-08-01,
585,2001-08-08,0.6216064461817343
2008,2001-08-17,0.557492343974965
2150,2001-08-17,0.5632737066064561
2009,2001-09-02,
2151,2001-09-02,
1583,2001-09-10,0.6342251492398125
1138,2001-09-10,0.6358669091548239
217,2001-09-17,0.6243304184504918
2152,2001-09-18,
2010,2001-09-18,
586,2001-09-25,
1584,2001-09-26,
1585,2001-10-12,0.6152546576091222
1139,2001-10-12,0.6214793005159923
218,2001-10-19,
1140,2001-10-28,0.5867841951549053
1586,2001-10-28,0.5589635712759835
2153,2001-11-05,0.5362432761383908
587,2001-11-12,
1141,2001-11-13,
1587,2001-11-13,
219,2001-11-20,
588,2001-11-28,0.5298012628086975
1142,2001-11-29,0.5263712478003332
1588,2001-11-29,0.5151627931211675
220,2001-12-06,0.5202825042818273
589,2001-12-14,0.4848257718341691
1589,2001-12-15,0.49400573303656914
1143,2001-12-15,0.4949202356593949
221,2001-12-22,0.5131487708006586
2011,2001-12-23,0.4873430484107562
2154,2001-12-23,0.5041199144596855
590,2001-12-30,0.4887678234704903
1590,2001-12-31,0.5193186402320862
1144,2001-12-31,0.48070378069366726
222,2002-01-07,
2012,2002-01-08,0.499081461291228
2155,2002-01-08,0.5052763178412404
591,2002-01-15,
223,2002-01-23,0.49794665191854753
2156,2002-01-24,0.5103837932859148
592,2002-01-31,0.5243352364216533
1591,2002-02-01,0.5062120935569208
1145,2002-02-01,0.515215509571135
224,2002-02-08,0.37543281726539135
2013,2002-02-09,0.024889306032231877
593,2002-02-16,
1592,2002-02-17,
1146,2002-02-17,
225,2002-02-24,0.47357735011194435
2014,2002-02-25,
2157,2002-02-25,
594,2002-03-04,0.5398362864341055
1147,2002-03-05,0.5250964289797204
1593,2002-03-05,0.5226059486823422
226,2002-03-12,0.5236272439360619
2015,2002-03-13,
595,2002-03-20,0.5689376893320254
1148,2002-03-21,0.549367755651474
1594,2002-03-21,0.5529507132513183
227,2002-03-28,
1149,2002-04-06,0.0
228,2002-04-13,0.62869409072612
2016,2002-04-14,0.46852651108351956
2158,2002-04-14,0.47966049744614536
1595,2002-04-22,
1150,2002-04-22,
229,2002-04-29,
1596,2002-05-08,
1151,2002-05-08,
1597,2002-05-24,
1152,2002-05-24,
230,2002-06-16,
2017,2002-06-17,0.5702232409800801
2159,2002-06-17,0.5727398773389203
1153,2002-06-25,
231,2002-07-02,0.6658858907009875
2018,2002-07-03,0.6113120439861501
2160,2002-07-03,0.6011012153966087
596,2002-07-10,0.6331274450889656
1154,2002-07-11,
1598,2002-07-11,
1599,2002-07-27,0.6834577492305212
1155,2002-07-27,0.6870819702744484
232,2002-08-03,
2019,2002-08-04,
2161,2002-08-04,0.08162927005351299
1600,2002-08-12,0.5889582543500832
1156,2002-08-12,0.5955854405959446
233,2002-08-19,
1601,2002-09-13,0.6854993855314595
1157,2002-09-13,0.6836290024220943
234,2002-09-20,0.6716218216433412
1602,2002-09-29,0.23985235641400018
1158,2002-09-29,
235,2002-10-06,
1159,2002-10-15,
1603,2002-10-15,
236,2002-10-22,0.6470201803992192
1160,2002-10-31,
1604,2002-10-31,
237,2002-11-07,0.6119273209146091
1605,2002-11-16,
1161,2002-11-16,
238,2002-11-23,
1606,2002-12-02,
1162,2002-12-02,
1607,2002-12-18,0.5730191272284304
1163,2002-12-18,0.5711020449442523
239,2002-12-25,0.5899456643632479
1164,2003-01-03,
1608,2003-01-03,
240,2003-01-10,0.5762808322906494
1165,2003-01-19,0.5829046773059028
1166,2003-02-04,0.5445389226078987
1609,2003-02-04,0.543003112077713
241,2003-02-11,
1167,2003-02-20,0.5636388872350966
1610,2003-02-20,0.5490883024675506
242,2003-02-27,0.5850942826696804
1168,2003-03-08,
1611,2003-03-08,
243,2003-03-15,0.5742138741271836
1169,2003-03-24,0.6008648579674107
1612,2003-03-24,0.599176185471671
244,2003-03-31,0.5764725421156203
1170,2003-04-09,0.5958990577076163
1613,2003-04-09,0.5922031684645583
1614,2003-04-25,
245,2003-05-02,
1171,2003-05-11,0.40267451772732393
1615,2003-05-11,0.406699019617268
246,2003-05-18,
1172,2003-05-27,0.6734926807028907
1616,2003-05-27,0.6602247809725148
597,2003-06-27,
2020,2003-07-06,0.005901609210316868
598,2003-07-13,0.6537819781473705
247,2003-07-21,
2162,2003-07-22,0.6507664285600185
2021,2003-08-07,
599,2003-08-14,0.6394236460328102
1617,2003-08-15,0.7124981172382832
1173,2003-08-15,0.7209869409600893
248,2003-08-22,0.6880675554275513
2163,2003-08-23,0.6436966050948415
2022,2003-08-23,0.6388983699892249
600,2003-08-30,
2023,2003-09-08,0.6258096287825278
601,2003-09-15,0.6518700351672513
249,2003-09-23,
2024,2003-09-24,0.6271541725311961
2164,2003-09-24,0.6280939275664943
602,2003-10-01,0.6460236393447434
1618,2003-10-02,0.6044242209444444
1174,2003-10-02,0.6153880857552092
2165,2003-10-10,0.6156303685690675
2025,2003-10-10,0.6195358059235981
603,2003-10-17,0.6374862252601555
1619,2003-10-18,0.6213085978691066
1175,2003-10-18,0.6228054546351944
250,2003-10-25,
2166,2003-10-26,0.21857813745737076
251,2003-11-10,0.5969636525426592
604,2003-11-18,
1620,2003-11-19,0.5570379830896854
1176,2003-11-19,0.5524808255334694
252,2003-11-26,
2167,2003-11-27,
2026,2003-11-27,
1621,2003-12-05,0.5839641700897897
1177,2003-12-05,0.5825559097741331
253,2003-12-12,0.5558853261172771
2168,2003-12-13,0.563032073101827
2027,2003-12-13,0.5537471561027425
605,2003-12-20,0.5777520856687002
1178,2003-12-21,0.6763730049133301
1622,2003-12-21,0.6614150702953339
254,2003-12-28,0.6481344699859619
2169,2003-12-29,
2028,2003-12-29,
606,2004-01-05,0.5792316379291671
1179,2004-01-06,0.576397857992422
1623,2004-01-06,0.57690675954024
255,2004-01-13,
2029,2004-01-14,
2170,2004-01-14,
607,2004-01-21,0.5508336427488497
1624,2004-01-22,
1180,2004-01-22,
256,2004-01-29,0.5689596273891984
2030,2004-01-30,0.5431078028466021
2171,2004-01-30,0.5381023529917002
1181,2004-02-07,
1625,2004-02-07,
257,2004-02-14,
2031,2004-02-15,
2172,2004-02-15,
608,2004-02-22,0.5038788909358638
1182,2004-02-23,
1626,2004-02-23,
2173,2004-03-02,0.59760405761855
2032,2004-03-02,0.5953120876635823
609,2004-03-09,
1183,2004-03-10,
1627,2004-03-10,
258,2004-03-17,0.6121382649367053
2174,2004-03-18,0.5777302152876342
2033,2004-03-18,0.5756282141166074
610,2004-03-25,0.5704959375517709
1628,2004-03-26,0.5108265181382496
1184,2004-03-26,0.5268720723688602
259,2004-04-02,
2034,2004-04-03,0.5940292083791324
2175,2004-04-03,0.5973616537771055
611,2004-04-10,0.6100832529898201
1185,2004-04-11,0.6040333440261227
1629,2004-04-11,0.6018716799361365
260,2004-04-18,0.6327569644365991
2176,2004-04-19,0.5899188215179103
2035,2004-04-19,0.5887540254209722
612,2004-04-26,0.600828494610531
1186,2004-04-27,
1630,2004-04-27,
2177,2004-05-05,
2036,2004-05-05,
613,2004-05-12,0.4978338011673519
1187,2004-05-13,0.546591720233361
1631,2004-05-13,0.5573233240949256
2037,2004-05-21,
2178,2004-05-21,
614,2004-05-28,
1632,2004-05-29,0.622357239946723
1188,2004-05-29,0.6377784286936125
261,2004-06-05,
2038,2004-06-06,0.6557023072881358
615,2004-06-13,
1633,2004-06-14,0.5793331124420678
1189,2004-06-14,0.5799008893647364
2179,2004-06-22,0.0044888693722896274
616,2004-06-29,0.32184862066060305
1634,2004-06-30,0.6199591463165623
1190,2004-06-30,0.6388772481254169
262,2004-07-07,0.6323876733581225
2180,2004-07-08,0.5959779034767831
2039,2004-07-08,0.6026365939660796
617,2004-07-15,0.7299500672590166
1635,2004-07-16,
1191,2004-07-16,0.6283643841743469
263,2004-07-23,
2040,2004-07-24,
618,2004-07-31,
1192,2004-08-01,
1636,2004-08-01,
2041,2004-08-09,
619,2004-08-16,0.4891975025335948
1637,2004-08-17,0.6436126853028933
1193,2004-08-17,0.6752337043484052
264,2004-08-24,
2042,2004-08-25,
2181,2004-08-25,
620,2004-09-01,
265,2004-09-09,0.6895705648830959
2182,2004-09-10,0.618017348327807
2043,2004-09-10,0.6284984179905484
1194,2004-09-18,
1638,2004-09-18,
2044,2004-09-26,
2183,2004-09-26,
621,2004-10-03,
1639,2004-10-04,
1195,2004-10-04,
2184,2004-10-12,0.6045620728816304
2045,2004-10-12,0.604210399357336
622,2004-10-19,0.6269274854234286
1640,2004-10-20,
1196,2004-10-20,
266,2004-10-27,0.6180779489378134
2185,2004-10-28,
2046,2004-10-28,
623,2004-11-04,0.5299735652903715
1197,2004-11-05,0.589928119070828
1641,2004-11-05,0.5905417008946339
2047,2004-11-13,
2186,2004-11-13,
624,2004-11-20,
1198,2004-11-21,
1642,2004-11-21,
267,2004-11-28,0.5603592417513331
2048,2004-11-29,0.5675997316305126
2187,2004-11-29,0.5697933145399605
625,2004-12-06,0.5870497761560338
1643,2004-12-07,0.5857395731977054
1199,2004-12-07,0.5876555714224065
268,2004-12-14,0.5876093011881625
2188,2004-12-15,0.5551704184285232
2049,2004-12-15,0.5591861366161278
269,2004-12-30,0.5787619325731481
2050,2004-12-31,0.5405664619590554
2189,2004-12-31,0.5485161311392274
626,2005-01-07,0.5202579751078572
1644,2005-01-08,
1200,2005-01-08,
270,2005-01-15,
2190,2005-01-16,
2051,2005-01-16,
627,2005-01-23,0.5408645668732268
1201,2005-01-24,0.543182760477066
1645,2005-01-24,0.542601278051734
2191,2005-02-01,0.5328767653554678
2052,2005-02-01,0.5361919046512672
628,2005-02-08,0.503328821222697
1646,2005-02-09,
1202,2005-02-09,
271,2005-02-16,
2053,2005-02-17,
2192,2005-02-17,
629,2005-02-24,0.44895021910113947
1647,2005-02-25,0.5434851952518026
1203,2005-02-25,0.5446180533617735
272,2005-03-04,0.5724595934152603
2193,2005-03-05,0.5518604636724507
2054,2005-03-05,0.5559122493224484
630,2005-03-12,
1648,2005-03-13,0.5970858279260851
1204,2005-03-13,0.5939832103394327
273,2005-03-20,
2055,2005-03-21,0.5853086172470024
2194,2005-03-21,0.569436542157616
631,2005-03-28,
1205,2005-03-29,
1649,2005-03-29,
274,2005-04-05,0.6168923436530999
2195,2005-04-06,0.5678739044815302
2056,2005-04-06,0.5701540248202426
632,2005-04-13,
1206,2005-04-14,0.643860474228859
1650,2005-04-14,0.44133260846138
275,2005-04-21,0.6272222995758057
2057,2005-04-22,
2196,2005-04-22,
633,2005-04-29,0.49106806046551177
1207,2005-04-30,
1651,2005-04-30,
2058,2005-05-08,0.6127199373607124
2197,2005-05-08,0.6127649173140526
634,2005-05-15,0.6801814802700565
1208,2005-05-16,0.6664583853312901
1652,2005-05-16,0.6714469399125803
2198,2005-05-24,
2059,2005-05-24,
635,2005-05-31,0.7123258685693145
1653,2005-06-01,0.4774880614131689
1209,2005-06-01,0.48481870016881395
276,2005-06-08,
2060,2005-06-09,
636,2005-06-16,
277,2005-06-24,
2061,2005-06-25,0.3042573652097157
1654,2005-07-03,
278,2005-07-10,
2199,2005-07-11,0.3843065375196082
2062,2005-07-11,0.3325280224638326
637,2005-07-18,0.6929750769798244
1655,2005-07-19,
1210,2005-07-19,
2200,2005-07-27,
2063,2005-07-27,
638,2005-08-03,
1211,2005-08-04,
279,2005-08-11,0.6629118990153074
2064,2005-08-12,
1656,2005-08-20,
1212,2005-08-20,
639,2005-09-04,
280,2005-09-12,0.6840623406072457
2201,2005-09-13,0.6235391188945089
2065,2005-09-13,0.6256615311971733
640,2005-09-20,0.5930076725780964
1657,2005-09-21,0.7555657923221588
1213,2005-09-21,0.7544279396533966
281,2005-09-28,0.6943293942936829
2066,2005-09-29,0.6678947683955941
2202,2005-09-29,0.6616315054041999
1214,2005-10-07,0.46853480222856714
1658,2005-10-07,0.4154478868469596
282,2005-10-14,0.6068552720050017
2067,2005-10-15,
2203,2005-10-15,
641,2005-10-22,
1215,2005-10-23,0.6210904571094683
1659,2005-10-23,0.6205387985599893
283,2005-10-30,
2068,2005-10-31,0.5862377575997796
2204,2005-10-31,0.5901494712701865
642,2005-11-07,0.5108438072992223
1660,2005-11-08,
1216,2005-11-08,
284,2005-11-15,0.6122118444847209
2205,2005-11-16,
2069,2005-11-16,
643,2005-11-23,
1661,2005-11-24,0.5951919725963047
1217,2005-11-24,0.5910901554993221
285,2005-12-01,0.6048846292708601
1662,2005-12-10,0.5940398340601296
1218,2005-12-10,0.591404873700369
286,2005-12-17,
1663,2005-12-26,
1219,2005-12-26,
287,2006-01-02,0.5664129768099104
1664,2006-01-11,0.616288940111796
1220,2006-01-11,0.6140017211437225
644,2006-01-26,
1665,2006-01-27,
1221,2006-01-27,
2070,2006-02-04,
2206,2006-02-04,
645,2006-02-11,
1666,2006-02-12,
1222,2006-02-12,
288,2006-02-19,0.5672197419085673
2207,2006-02-20,
2071,2006-02-20,
646,2006-02-27,0.5802983420767954
1223,2006-02-28,
1667,2006-02-28,
289,2006-03-07,0.5654730144888163
2208,2006-03-08,0.5723172899867808
2072,2006-03-08,0.5725711049245937
1224,2006-03-16,0.5709044763020107
1668,2006-03-16,0.5721994718270642
290,2006-03-23,0.5385464886203408
647,2006-03-31,0.5377660965813058
1225,2006-04-01,
1669,2006-04-01,
291,2006-04-08,0.596215033903718
2073,2006-04-09,
2209,2006-04-09,
648,2006-04-16,0.6004947993372167
1670,2006-04-17,
1226,2006-04-17,
292,2006-04-24,
2074,2006-04-25,0.5632211427603449
2210,2006-04-25,0.5558460016867944
649,2006-05-02,
1671,2006-05-03,
1227,2006-05-03,
293,2006-05-10,
2075,2006-05-11,
2211,2006-05-11,
650,2006-05-18,
2076,2006-05-27,
2212,2006-05-27,
651,2006-06-03,
1672,2006-06-04,0.6372233267873526
652,2006-06-19,
2077,2006-06-28,0.5497298581259591
2213,2006-06-28,0.5596657762570041
2078,2006-07-14,
1673,2006-07-22,
294,2006-07-29,
2079,2006-07-30,0.6350668429264001
2214,2006-07-30,0.6309156502996172
1228,2006-08-07,0.5697090838104486
1674,2006-08-07,0.5559634988506635
295,2006-08-14,0.7452213548123836
653,2006-08-22,
1229,2006-08-23,
1675,2006-08-23,
2080,2006-08-31,
654,2006-09-07,
296,2006-09-15,0.710081466606685
2215,2006-09-16,0.2389947535026641
2081,2006-09-16,0.23270152877306655
655,2006-09-23,
1676,2006-09-24,0.708626642326514
1230,2006-09-24,0.7145050510764122
297,2006-10-01,
2082,2006-10-02,
656,2006-10-09,0.5978432691523008
1677,2006-10-10,
1231,2006-10-10,
298,2006-10-17,
1232,2006-10-26,
1678,2006-10-26,
2216,2006-11-03,0.5910567510873079
2083,2006-11-03,0.5937661549874714
1679,2006-11-11,
1233,2006-11-11,
299,2006-11-18,0.6208286027290992
2084,2006-11-19,0.5848707357155425
2217,2006-11-19,0.5845754606915372
657,2006-11-26,
1234,2006-11-27,0.590645844826386
1680,2006-11-27,0.5882741226149457
300,2006-12-04,0.5763071591832808
2085,2006-12-05,0.5579160116612911
2218,2006-12-05,0.5613471418619156
658,2006-12-12,0.5628786558019263
1681,2006-12-13,
1235,2006-12-13,
301,2006-12-20,0.4476218867987867
2086,2006-12-21,0.5437966084906034
2219,2006-12-21,0.5489837748131582
659,2006-12-28,0.5619813811832242
1236,2006-12-29,0.5743312678698983
1682,2006-12-29,0.579489436798862
302,2007-01-05,
2220,2007-01-06,
2087,2007-01-06,
660,2007-01-13,0.4658001488340752
1237,2007-01-14,
1683,2007-01-14,
303,2007-01-21,
2221,2007-01-22,
2088,2007-01-22,
661,2007-01-29,0.5673418859285968
1238,2007-01-30,0.5569918685193573
1684,2007-01-30,0.5598755127617291
2089,2007-02-07,0.5566338013325418
2222,2007-02-07,0.5524928122758865
662,2007-02-14,0.5575684819902692
1685,2007-02-15,0.6264087298264106
1239,2007-02-15,0.6197541213904818
304,2007-02-22,0.6191796399652958
2090,2007-02-23,0.5851887451218707
2223,2007-02-23,0.5905761947589261
663,2007-03-02,0.5964872123939651
1686,2007-03-03,0.5394353551701421
1240,2007-03-03,0.5388856626869667
305,2007-03-10,0.21270842850208282
2224,2007-03-11,
2091,2007-03-11,
664,2007-03-18,0.5533999633044004
1241,2007-03-19,
1687,2007-03-19,
306,2007-03-26,
2225,2007-03-27,0.47278707022113464
2092,2007-03-27,0.48067312740853857
665,2007-04-03,
1688,2007-04-04,
1242,2007-04-04,
307,2007-04-11,0.6568746138364077
2093,2007-04-12,0.6173508430698087
2226,2007-04-12,0.6192292254418135
666,2007-04-19,0.41489837877452374
1689,2007-04-20,0.6278168598456042
308,2007-04-27,0.6029535331541583
2227,2007-04-28,
2094,2007-04-28,
667,2007-05-05,0.5199866646102497
1243,2007-05-06,0.4933419817437728
1690,2007-05-06,0.5685657868161798
309,2007-05-13,
2095,2007-05-14,0.5268454195133278
2228,2007-05-14,0.5227784961462021
668,2007-05-21,
1244,2007-05-22,0.6437511279114655
1691,2007-05-22,0.6340255721339157
1245,2007-06-07,
1692,2007-06-07,
2096,2007-06-15,0.614203330129385
2229,2007-06-15,0.624080890789628
1693,2007-06-23,0.7240683849280078
1246,2007-06-23,0.7444344115753969
2097,2007-07-01,
2230,2007-07-01,0.0030598700988169487
669,2007-07-08,0.7113480922189497
1247,2007-07-09,0.6707404830803474
2098,2007-07-17,0.6370129114282983
2231,2007-07-17,0.6422400469226497
670,2007-07-24,0.7304983599909713
1248,2007-07-25,0.5976577401161194
1694,2007-07-25,0.5863960037628809
2232,2007-08-02,0.5768723615578243
671,2007-08-09,0.7011281193367073
1249,2007-08-10,0.6793987654770415
1695,2007-08-10,0.6758392103637259
310,2007-08-17,0.6706769657986504
2233,2007-08-18,0.6003456429711409
2099,2007-08-18,0.6020070303763662
672,2007-08-25,0.6428743611489023
1250,2007-08-26,0.6619654579886368
1696,2007-08-26,0.6575607880949974
2100,2007-09-03,
673,2007-09-10,
1251,2007-09-11,0.6399133471505982
1697,2007-09-11,0.64134994592695
311,2007-09-18,0.6423997514482055
2101,2007-09-19,
2234,2007-09-19,0.27979116048663855
674,2007-09-26,0.5044705676180976
312,2007-10-04,
2235,2007-10-05,
2102,2007-10-05,
1252,2007-10-13,
1698,2007-10-13,
313,2007-10-20,0.5704809800322567
1699,2007-10-29,0.5455797878759248
1253,2007-10-29,0.5530000781374318
314,2007-11-05,0.5723708657813924
1254,2007-11-14,0.47714412709077203
1700,2007-11-14,0.47904796774188674
315,2007-11-21,
1255,2007-11-30,0.5274399601455245
1701,2007-11-30,0.5264838234122311
316,2007-12-07,
1256,2007-12-16,
1702,2007-12-16,
317,2007-12-23,0.5458878017961979
1703,2008-01-01,0.5522095900028944
1257,2008-01-01,0.5537826678405205
318,2008-01-08,
1704,2008-01-17,
1258,2008-01-17,
319,2008-01-24,
2103,2008-01-25,0.4857995662439083
2236,2008-01-25,0.5040035165314163
675,2008-02-01,0.4418160800955125
1705,2008-02-02,
1259,2008-02-02,
320,2008-02-09,0.5435232703707048
2104,2008-02-10,0.5019903816282749
2237,2008-02-10,0.496418605159436
1260,2008-02-18,0.5110574343374797
1706,2008-02-18,0.514145266264677
321,2008-02-25,0.512272372841835
2105,2008-02-26,
2238,2008-02-26,
676,2008-03-04,0.5283932578084725
1261,2008-03-05,0.3873489523927371
1707,2008-03-05,0.37340932587782544
322,2008-03-12,0.5491680987179279
2106,2008-03-13,0.5139320263905185
2239,2008-03-13,0.509478533906596
677,2008-03-20,0.5616415776312351
1262,2008-03-21,
1708,2008-03-21,
323,2008-03-28,0.576834524050355
1709,2008-04-06,0.5980529418836038
1263,2008-04-06,0.6009517936035991
324,2008-04-13,0.6407239114244778
1264,2008-04-22,
1710,2008-04-22,
325,2008-04-29,0.6005888788827829
1265,2008-05-08,0.5603823876008391
1711,2008-05-08,0.5459424800106457
326,2008-05-15,
1712,2008-05-24,
1266,2008-05-24,
327,2008-05-31,0.556609818977969
1713,2008-06-09,0.6823064147361687
1267,2008-06-09,0.6841262163860458
328,2008-06-16,
1268,2008-06-25,0.768716286867857
1714,2008-06-25,0.8320243171283177
329,2008-07-02,
1269,2008-07-11,
330,2008-07-18,
1270,2008-07-27,0.731102701808725
1715,2008-07-27,0.7076151323105607
331,2008-08-03,
1271,2008-08-12,0.7205681670457125
1716,2008-08-12,0.7120086190601189
332,2008-08-19,
1717,2008-08-28,0.6517813551638807
1272,2008-08-28,0.6497742235660553
333,2008-09-04,0.6855588797479868
1273,2008-09-13,0.6799709419409434
1718,2008-09-13,0.6795758277177811
334,2008-09-20,
2107,2008-09-21,0.6165342618312154
2240,2008-09-21,0.6081862172910145
678,2008-09-28,
1719,2008-09-29,0.6898515185962121
1274,2008-09-29,0.6846976197014252
335,2008-10-06,0.7074704772482315
2241,2008-10-07,
2108,2008-10-07,
679,2008-10-14,0.6051324526114124
1720,2008-10-15,0.6744687521031925
1275,2008-10-15,0.6770075337872619
336,2008-10-22,0.6313386804734668
2242,2008-10-23,0.5741532697741474
2109,2008-10-23,0.5724510510585138
680,2008-10-30,
1721,2008-10-31,
1276,2008-10-31,
681,2008-11-15,0.5323956330705966
1722,2008-11-16,0.5798428276819841
1277,2008-11-16,0.5864250851528985
337,2008-11-23,
2110,2008-11-24,0.5562906786799431
682,2008-12-01,
1278,2008-12-02,
1723,2008-12-02,
338,2008-12-09,0.5996709562660683
2111,2008-12-10,
2243,2008-12-10,
683,2008-12-17,0.5241234040419971
1279,2008-12-18,0.5030274662499626
1724,2008-12-18,0.5066078804433346
339,2008-12-25,0.4789823889732361
2112,2008-12-26,
2244,2008-12-26,
1280,2009-01-03,
1725,2009-01-03,
340,2009-01-10,0.6191071987152099
2245,2009-01-11,0.5277289037725754
2113,2009-01-11,0.5197546690968531
684,2009-01-18,0.5503517944099647
1726,2009-01-19,0.4833903671020553
1281,2009-01-19,0.481350036870156
341,2009-01-26,
685,2009-02-03,0.5351497859561017
1727,2009-02-04,0.5630049854516983
1282,2009-02-04,0.5563529429158994
342,2009-02-11,0.5841716245881148
2246,2009-02-12,0.5407593111906732
2114,2009-02-12,0.541584207543305
686,2009-02-19,
1283,2009-02-20,0.648775577545166
1728,2009-02-20,0.6711353659629822
2247,2009-02-28,
2115,2009-02-28,
687,2009-03-07,0.5613234248012304
1729,2009-03-08,0.5296322076270977
1284,2009-03-08,0.5193807454779744
343,2009-03-15,0.5032036223759254
2116,2009-03-16,0.5387469112340892
2248,2009-03-16,0.5419970439480883
1285,2009-03-24,
1730,2009-03-24,
344,2009-03-31,0.6228431378092084
2117,2009-04-01,0.5103852416255644
2249,2009-04-01,0.5315292006624596
1731,2009-04-09,
1286,2009-04-09,
345,2009-04-16,
2250,2009-04-17,0.5108712926240904
2118,2009-04-17,0.5084240908867546
1732,2009-04-25,0.565463817811438
1287,2009-04-25,0.5519381591251917
2251,2009-05-03,0.4821147583425045
2119,2009-05-03,0.46895698830485344
346,2009-05-18,0.6545936522029694
2120,2009-05-19,
2252,2009-05-19,0.25411210701401743
1733,2009-05-27,
1288,2009-05-27,
347,2009-06-03,
1734,2009-06-12,
1289,2009-06-12,
1290,2009-07-14,
1735,2009-07-14,
1291,2009-07-30,
1736,2009-07-30,
348,2009-08-22,
688,2009-08-30,
349,2009-09-07,0.7292217202484608
689,2009-09-15,
1292,2009-09-16,0.6538721072886671
1737,2009-09-16,0.6728561706840992
350,2009-09-23,0.6734462976455688
2121,2009-09-24,
2253,2009-09-24,0.5948616952768393
1293,2009-10-02,
1738,2009-10-02,
1739,2009-10-18,
1294,2009-10-18,
351,2009-10-25,0.6284474743796246
2254,2009-10-26,0.5652557129838638
2122,2009-10-26,0.5620584603665131
1740,2009-11-03,0.6146521068045071
1295,2009-11-03,0.6049252776429057
352,2009-11-10,0.4881058931350708
2255,2009-11-11,0.5362518733101231
2123,2009-11-11,0.5344410923176578
1296,2009-11-19,
353,2009-11-26,
2124,2009-11-27,0.5290279729025704
2256,2009-11-27,0.5300119894423656
1741,2009-12-05,
1297,2009-12-05,
354,2009-12-12,0.5624779045049633
2125,2009-12-13,0.5218643546104431
2257,2009-12-13,0.5218420872198684
1742,2009-12-21,0.577056194966038
1298,2009-12-21,0.5623569160345054
355,2009-12-28,0.571893454396299
1299,2010-01-06,0.5552434279982532
1743,2010-01-06,0.5638386223997388
356,2010-01-13,0.5844780582934619
2126,2010-01-14,0.49353108874389107
2258,2010-01-14,0.5006670711029854
1744,2010-01-22,
1300,2010-01-22,
357,2010-01-29,0.39124847327669465
2127,2010-01-30,0.5188084843435458
2259,2010-01-30,0.5171407282884632
690,2010-02-06,0.5554256364703178
1301,2010-02-07,
1745,2010-02-07,
358,2010-02-14,
2128,2010-02-15,0.49456081446260214
2260,2010-02-15,0.48649836677525726
1302,2010-02-23,0.577731961508592
1746,2010-02-23,0.5776810226341089
359,2010-03-02,
1747,2010-03-11,0.49432192494471866
1303,2010-03-11,0.4729363474374016
360,2010-03-18,0.49494749307632446
2129,2010-03-19,0.5118497534921127
2261,2010-03-19,0.5278615887675967
1748,2010-03-27,0.5440934728831053
1304,2010-03-27,0.5236518835382802
361,2010-04-03,0.708666130900383
1749,2010-04-12,
1305,2010-04-12,
362,2010-04-19,0.6039795633405447
363,2010-05-21,
1306,2010-05-30,0.6867119467684201
1750,2010-05-30,0.6657747352229697
364,2010-06-06,0.6043899289021889
1307,2010-06-15,
1308,2010-07-17,0.5644499961286783
1751,2010-07-17,0.5481282136713466
1309,2010-08-02,0.7558287928501765
1752,2010-08-02,0.7795603275299072
365,2010-08-09,
1310,2010-08-18,
1753,2010-08-18,
366,2010-08-25,0.7156309150159359
2262,2010-08-26,
2130,2010-08-26,
691,2010-09-02,
1311,2010-09-03,
1754,2010-09-03,
367,2010-09-10,0.5983789166701692
2263,2010-09-11,0.37154864785926683
2131,2010-09-11,0.3721115291118622
692,2010-09-18,0.5454638787944401
1312,2010-09-19,
1755,2010-09-19,0.08586682379245758
2132,2010-10-13,
693,2010-10-20,
1313,2010-10-21,0.5322733117001397
1756,2010-10-21,0.5254183079869974
368,2010-10-28,0.5540058595970982
2264,2010-10-29,
2133,2010-10-29,
1314,2010-11-06,0.5905328267564376
1757,2010-11-06,0.5826156028235951
369,2010-11-13,0.5385978690215519
2265,2010-11-14,0.486900730324643
2134,2010-11-14,0.4845216085336038
694,2010-11-21,
1315,2010-11-22,
1758,2010-11-22,
370,2010-11-29,0.45701998472213745
2266,2010-11-30,0.46024041849055464
2135,2010-11-30,0.4605854598007032
1759,2010-12-08,0.49763017307434765
1316,2010-12-08,0.5020186281097787
371,2010-12-15,
2267,2010-12-16,
2136,2010-12-16,
1760,2010-12-24,0.4864600141133581
1317,2010-12-24,0.4915158595623715
2137,2011-01-01,
2268,2011-01-01,
1318,2011-01-09,
1761,2011-01-09,
372,2011-01-16,0.6168615265438955
1319,2011-01-25,
1762,2011-01-25,
373,2011-02-01,0.5400113154734885
2138,2011-02-02,0.468264224406864
2269,2011-02-02,0.4729477840342692
695,2011-02-09,
1320,2011-02-10,0.12851691977786167
1763,2011-02-10,
374,2011-02-17,0.5245507955551147
696,2011-02-25,0.40517888810219505
1764,2011-02-26,0.35577202091614407
1321,2011-02-26,0.36000319942831993
2270,2011-03-06,
697,2011-03-13,0.5296860933303833
1322,2011-03-14,
375,2011-03-21,0.5818490696450075
2271,2011-03-22,0.48842811544558834
2139,2011-03-22,0.48829491955361193
1323,2011-03-30,0.5071406006990444
1765,2011-03-30,0.5002941152169591
1324,2011-04-15,0.5719499979168177
1766,2011-04-15,0.5567454546689987
2272,2011-04-23,0.5348417258688382
1325,2011-05-01,
1767,2011-05-01,
376,2011-05-08,0.5624482477349895
1768,2011-05-17,0.4994937282587801
1326,2011-05-17,0.5157862052853619
377,2011-05-24,
1769,2011-06-02,0.0210437083170594
1327,2011-06-02,0.012353210269481808
378,2011-06-09,0.5960814255688872
379,2011-06-25,0.6592242640576192
1770,2011-07-04,
1328,2011-07-04,
380,2011-07-11,
1329,2011-07-20,0.7694823145866394
1771,2011-07-20,0.7960745096206665
698,2011-08-20,0.6278635265216941
1330,2011-08-21,0.6221524897430624
1772,2011-08-21,0.6307458664689745
2140,2011-08-29,0.5228713591183934
2273,2011-08-29,0.5190323168145758
699,2011-09-05,0.6531614508657229
1331,2011-09-06,0.7469621002674103
1773,2011-09-06,0.7579011023044586
381,2011-09-13,0.6210692053926843
1332,2011-09-22,
1774,2011-09-22,
382,2011-09-29,0.14025641977787018
700,2011-10-07,0.5268839837184974
1333,2011-10-08,0.6486314690361421
1775,2011-10-08,0.6749063345293205
383,2011-10-15,0.5530708086277758
701,2011-10-23,
1334,2011-10-24,0.43101701280102134
1776,2011-10-24,0.4347787816077471
384,2011-10-31,
2274,2011-11-01,
2141,2011-11-01,
1777,2011-11-09,0.4832038429698774
1335,2011-11-09,0.47323729709855145
2142,2011-11-17,0.44624570198357105
2275,2011-11-17,0.45670968826328007
1778,2011-11-25,0.5315509752059976
1336,2011-11-25,0.5339341964572668
1337,2011-12-11,0.4718412951167141
1779,2011-12-11,0.4733474861298289
385,2011-12-18,0.43758873375398777
1338,2011-12-27,
1780,2011-12-27,
386,2012-01-03,
1781,2012-01-12,0.37703010253608227
1339,2012-01-12,0.3771812705589192
387,2012-01-19,
1782,2012-01-28,
1340,2012-01-28,
388,2012-02-04,0.37115819454193116
1341,2012-02-13,
1783,2012-02-13,
389,2012-02-20,0.5503988467156887
1342,2012-02-29,0.4885631389915943
1784,2012-02-29,0.49259510955640246
390,2012-03-07,0.5418294584999481
1785,2012-03-16,
1343,2012-03-16,
391,2012-03-23,
1786,2012-04-01,0.422465337085582
1344,2012-04-01,0.42300436512700146
392,2012-04-08,
1787,2012-04-17,
1345,2012-04-17,
393,2012-04-24,0.5214119911193847
1346,2012-05-03,0.3578214891787086
1788,2012-05-03,0.3470477767998264
394,2012-05-10,0.48272818326950073
1347,2012-05-19,
1789,2012-05-19,
1348,2012-06-04,0.5964762438088655
1790,2012-06-04,0.5938331029777015
395,2012-06-11,
1349,2012-07-06,0.845156729221344
1791,2012-07-06,0.8332184553146362
396,2012-07-13,0.6280836578872468
1792,2012-07-22,0.5053578112274408
1350,2012-07-22,0.5170802809298038
397,2012-07-29,0.7293523252010345
1793,2012-08-07,0.5827308529987931
1351,2012-08-07,0.5955670473476251
1794,2012-08-23,0.6781783931489502
1352,2012-08-23,0.6912133012499128
1795,2012-09-08,0.6748140274236599
1353,2012-09-08,0.6775161152084668
398,2012-09-15,
1354,2012-09-24,
1796,2012-09-24,
1797,2012-10-10,
1355,2012-10-10,
399,2012-11-02,
1798,2012-11-11,0.4596296758390963
1356,2012-11-11,0.45875416990990436
400,2012-11-18,
1357,2012-11-27,
1799,2012-11-27,
401,2012-12-04,0.6076888876656692
1800,2012-12-13,0.5272988259260143
1358,2012-12-13,0.5224518058821559
1801,2012-12-29,
1359,2012-12-29,
402,2013-01-05,0.5302802452019283
1360,2013-01-14,
1802,2013-01-14,
1803,2013-01-30,
1361,2013-01-30,
403,2013-02-06,0.5298268819848697
1804,2013-02-15,0.5854672764738401
1362,2013-02-15,0.5868213387827079
404,2013-02-22,
1805,2013-03-03,
1363,2013-03-03,
405,2013-03-10,0.5654293240535827
1364,2013-03-19,
1806,2013-03-19,
406,2013-03-26,0.6041056945919991
1365,2013-04-04,
1807,2013-04-04,
407,2013-04-11,
918,2013-04-12,0.6198946623397725
720,2013-04-12,0.6275083098028387
1366,2013-04-20,0.6711262911558151
1808,2013-04-20,0.6931151449680328
408,2013-04-27,0.4952355910092592
721,2013-04-28,0.5257615697171008
919,2013-04-28,
8,2013-05-05,0.6837798724217075
409,2013-05-13,0.5096613530601773
722,2013-05-14,0.6845582018473318
920,2013-05-14,0.677062617348773
9,2013-05-21,
1367,2013-05-22,0.29702448942476795
1809,2013-05-22,
410,2013-05-29,0.5209754500538111
723,2013-05-30,
921,2013-05-30,
10,2013-06-06,0.7681735458118575
1368,2013-06-07,0.6629632589008128
1810,2013-06-07,0.6631824022957258
411,2013-06-14,
724,2013-06-15,
922,2013-06-15,
1811,2013-06-23,0.639503398289283
1369,2013-06-23,0.639083859200279
412,2013-06-30,
725,2013-07-01,
923,2013-07-01,
11,2013-07-08,
1812,2013-07-09,
1370,2013-07-09,
413,2013-07-16,0.6376673777898152
726,2013-07-17,0.7459510649953569
924,2013-07-17,0.7344686170773846
12,2013-07-24,0.7439549627048628
1371,2013-07-25,
1813,2013-07-25,
727,2013-08-02,
925,2013-08-02,
13,2013-08-09,0.7062180962945733
1372,2013-08-10,0.7578694125016531
1814,2013-08-10,0.7515334784984589
414,2013-08-17,
926,2013-08-18,
728,2013-08-18,
14,2013-08-25,
1815,2013-08-26,0.6397316234097594
1373,2013-08-26,0.633445525630599
927,2013-09-03,0.680916759052447
729,2013-09-03,0.6898366361856461
1374,2013-09-11,
1816,2013-09-11,
928,2013-09-19,
730,2013-09-19,
1375,2013-09-27,0.523152764265736
1817,2013-09-27,0.5195237025618553
929,2013-10-05,0.6112352404743433
731,2013-10-05,0.6176704639302832
15,2013-10-12,
1818,2013-10-13,
1376,2013-10-13,
732,2013-10-21,0.5980122805173909
930,2013-10-21,0.6049328447718705
1377,2013-10-29,
1819,2013-10-29,
415,2013-11-05,
733,2013-11-06,0.5861214202429568
931,2013-11-06,0.5824308696069888
16,2013-11-13,0.5976521484553814
1820,2013-11-14,
1378,2013-11-14,
416,2013-11-21,0.5072964948735067
734,2013-11-22,
932,2013-11-22,
17,2013-11-29,0.5840982746865069
1821,2013-11-30,
933,2013-12-08,
735,2013-12-08,
18,2013-12-15,
1822,2013-12-16,
1379,2013-12-16,
417,2013-12-23,
736,2013-12-24,
934,2013-12-24,
19,2013-12-31,0.588251497064318
1380,2014-01-01,0.49580480637294905
1823,2014-01-01,0.49751007290823124
418,2014-01-08,0.2938955522452792
935,2014-01-09,
737,2014-01-09,
20,2014-01-16,0.5745011206184114
1381,2014-01-17,0.5013191626717647
1824,2014-01-17,0.496635280487438
419,2014-01-24,0.5223139359482697
936,2014-01-25,0.3653345840317862
738,2014-01-25,0.4181077991213117
21,2014-02-01,0.5931040112461363
1382,2014-02-02,0.4448399355945488
1825,2014-02-02,0.44595173047855496
420,2014-02-09,
739,2014-02-10,
937,2014-02-10,
22,2014-02-17,
1826,2014-02-18,
1383,2014-02-18,
421,2014-02-25,
938,2014-02-26,0.5815837902149984
740,2014-02-26,0.5942970447774444
23,2014-03-05,
1827,2014-03-06,
1384,2014-03-06,
422,2014-03-13,
939,2014-03-14,
741,2014-03-14,
24,2014-03-21,0.6006182174065284
1385,2014-03-22,0.5089699825538057
1828,2014-03-22,0.5143123689506734
940,2014-03-30,0.6616623100957701
742,2014-03-30,0.6693030188658408
1829,2014-04-07,0.5624232473117965
423,2014-04-14,0.6348908636718988
941,2014-04-15,
743,2014-04-15,
25,2014-04-22,0.6401221816028868
1386,2014-04-23,
1830,2014-04-23,
424,2014-04-30,
26,2014-05-08,
1387,2014-05-09,
1831,2014-05-09,
425,2014-05-16,
744,2014-05-17,0.6878256552985736
942,2014-05-17,
27,2014-05-24,
1832,2014-05-25,0.6281503614570414
1388,2014-05-25,0.6210815664380789
426,2014-06-01,
745,2014-06-02,
28,2014-06-09,0.7942440773227385
1389,2014-06-10,0.08255654414339611
427,2014-06-17,
746,2014-06-18,
943,2014-06-18,
29,2014-06-25,
1833,2014-06-26,0.5061081747213999
1390,2014-06-26,0.5289442241191864
428,2014-07-03,
747,2014-07-04,
1391,2014-07-12,0.6163552914346967
1834,2014-07-12,0.5790047704109124
429,2014-07-19,0.6297037931425231
748,2014-07-20,
944,2014-07-20,
30,2014-07-27,0.6351707219367936
430,2014-08-04,
945,2014-08-05,0.6722165936870235
749,2014-08-05,0.6780664431197303
31,2014-08-12,0.7167885606842381
1835,2014-08-13,0.6601220800408295
1392,2014-08-13,0.6640336353863989
750,2014-08-21,
946,2014-08-21,
32,2014-08-28,
1393,2014-08-29,
431,2014-09-05,0.581419114023447
751,2014-09-06,0.7226945582245078
947,2014-09-06,0.7113755348005465
1836,2014-09-14,0.6409541892686061
1394,2014-09-14,0.6576385753495352
948,2014-09-22,
752,2014-09-22,
1395,2014-09-30,0.6601712395037924
753,2014-10-08,
949,2014-10-08,
1837,2014-10-16,0.5192937950293223
1396,2014-10-16,0.5213641799986363
432,2014-10-23,
754,2014-10-24,0.6383902688643762
950,2014-10-24,0.6307481428874391
33,2014-10-31,0.6456585318914482
1397,2014-11-01,
1838,2014-11-01,
433,2014-11-08,0.15974905341863632
951,2014-11-09,
755,2014-11-09,
34,2014-11-16,
1398,2014-11-17,
1839,2014-11-17,
434,2014-11-24,0.4002335419257482
952,2014-11-25,
756,2014-11-25,
35,2014-12-02,
1399,2014-12-03,
1840,2014-12-03,
757,2014-12-11,0.5848445394741637
953,2014-12-11,0.5769087392836809
36,2014-12-18,0.5981666717146124
1400,2014-12-19,
1841,2014-12-19,
435,2014-12-26,0.5531954733388764
954,2014-12-27,
758,2014-12-27,
37,2015-01-03,
1401,2015-01-04,
1842,2015-01-04,
436,2015-01-11,0.5400289938385998
759,2015-01-12,0.5851881104920592
955,2015-01-12,0.5817173386790924
1843,2015-01-20,
1402,2015-01-20,
437,2015-01-27,0.5552109248403991
760,2015-01-28,0.5987196162875209
956,2015-01-28,0.5960792005062103
38,2015-02-04,
1844,2015-02-05,
1403,2015-02-05,
438,2015-02-12,0.4737732720095664
761,2015-02-13,0.596847060269543
957,2015-02-13,0.5879972569112266
39,2015-02-20,
1845,2015-02-21,
1404,2015-02-21,
762,2015-03-01,0.602069455864174
958,2015-03-01,0.5927266137940543
40,2015-03-08,0.6168377734720707
1846,2015-03-09,
1405,2015-03-09,
439,2015-03-16,0.5540358977658408
959,2015-03-17,
763,2015-03-17,
41,2015-03-24,
1847,2015-03-25,
1406,2015-03-25,
440,2015-04-01,0.5327199496949713
764,2015-04-02,0.633311181994421
960,2015-04-02,0.624401241807001
42,2015-04-09,0.6415824847561973
1848,2015-04-10,0.5584307105413505
1407,2015-04-10,0.5601194043244635
441,2015-04-17,0.5202951496466994
961,2015-04-18,0.6216029200170721
765,2015-04-18,0.6323430884097303
43,2015-04-25,
1408,2015-04-26,
1849,2015-04-26,
442,2015-05-03,0.6834843039512635
766,2015-05-04,0.6778489287410463
962,2015-05-04,0.6690295381205422
44,2015-05-11,
1409,2015-05-12,
1850,2015-05-12,
443,2015-05-19,
963,2015-05-20,
767,2015-05-20,
45,2015-05-27,0.6458079186933381
1851,2015-05-28,
1410,2015-05-28,0.11006992576377733
444,2015-06-04,
964,2015-06-05,0.6404322529477733
768,2015-06-05,0.646695448351758
46,2015-06-12,0.7001957462302276
1852,2015-06-13,0.5666821960359811
1411,2015-06-13,0.5916862898195783
445,2015-06-20,0.5881040772157056
769,2015-06-21,
965,2015-06-21,
47,2015-06-28,0.44219426314036053
1412,2015-06-29,0.5606102416557925
1853,2015-06-29,0.5649135475534768
446,2015-07-06,
770,2015-07-07,0.7304217900548662
966,2015-07-07,0.7182985304721764
48,2015-07-14,0.7229617860700404
1413,2015-07-15,
447,2015-07-22,
967,2015-07-23,0.7009810922401292
771,2015-07-23,0.7152609915605612
1854,2015-07-31,0.5383255300777299
1414,2015-07-31,0.5057868797864233
968,2015-08-08,
772,2015-08-08,
49,2015-08-15,
1855,2015-08-16,0.5728633279601733
1415,2015-08-16,0.5800029262900352
969,2015-08-24,
773,2015-08-24,
50,2015-08-31,0.6990933216043881
1856,2015-09-01,0.6489980614611082
1416,2015-09-01,0.6535156523542744
1417,2015-09-17,0.6373803306903157
1857,2015-09-17,0.6424537391534872
774,2015-09-25,
970,2015-09-25,
51,2015-10-02,0.6565666629799775
1858,2015-10-03,
448,2015-10-10,0.6240802689322403
971,2015-10-11,0.6571731272020509
775,2015-10-11,0.6574297028460673
52,2015-10-18,
449,2015-10-26,
776,2015-10-27,
972,2015-10-27,
53,2015-11-03,
1418,2015-11-04,
1859,2015-11-04,
450,2015-11-11,
777,2015-11-12,0.6469956529991967
973,2015-11-12,0.6463220523936408
54,2015-11-19,0.5290297553652809
1860,2015-11-20,0.5450393856902207
1419,2015-11-20,0.5486473767086864
451,2015-11-27,0.6222327332943678
778,2015-11-28,0.6122241065438304
974,2015-11-28,0.6071341011141028
55,2015-12-05,0.6187082177826336
1861,2015-12-06,
1420,2015-12-06,
452,2015-12-13,0.5389859851981913
779,2015-12-14,0.6101563003446375
975,2015-12-14,0.6060442144849472
56,2015-12-21,0.6553623447460788
1421,2015-12-22,0.5434089478637492
1862,2015-12-22,0.5458851916981595
453,2015-12-29,0.3716773269698024
976,2015-12-30,0.591246360912919
780,2015-12-30,0.6022186603929315
57,2016-01-06,
1863,2016-01-07,
1422,2016-01-07,
977,2016-01-15,0.5999669480536665
781,2016-01-15,0.6114747471043042
58,2016-01-22,0.5850443544664552
1864,2016-01-23,
1423,2016-01-23,
454,2016-01-30,0.5610009381281478
782,2016-01-31,
978,2016-01-31,
59,2016-02-07,
1865,2016-02-08,
1424,2016-02-08,
455,2016-02-15,0.5660185303006853
783,2016-02-16,
979,2016-02-16,
60,2016-02-23,0.6267511158117226
1425,2016-02-24,
1866,2016-02-24,
456,2016-03-02,0.4189761132001877
784,2016-03-03,
980,2016-03-03,
61,2016-03-10,
1426,2016-03-11,
1867,2016-03-11,
457,2016-03-18,0.5822400163326944
981,2016-03-19,
785,2016-03-19,
1427,2016-03-27,
1868,2016-03-27,
982,2016-04-04,0.6471735584948745
786,2016-04-04,0.6464402904467923
62,2016-04-11,
1869,2016-04-12,
458,2016-04-19,
983,2016-04-20,0.7065912181777614
787,2016-04-20,0.7092181380305972
63,2016-04-27,
1428,2016-04-28,
1870,2016-04-28,
788,2016-05-06,
984,2016-05-06,
1871,2016-05-14,
459,2016-05-21,0.7154277110738414
789,2016-05-22,0.6913345272342364
985,2016-05-22,0.6899210374802351
64,2016-05-29,
986,2016-06-07,0.7956099888043744
790,2016-06-07,0.8083237931132317
65,2016-06-14,
1872,2016-06-15,
1429,2016-06-15,
460,2016-06-22,
987,2016-06-23,
791,2016-06-23,
66,2016-06-30,
1430,2016-07-01,
1873,2016-07-01,
461,2016-07-08,
792,2016-07-09,0.7825322651437351
988,2016-07-09,0.765840114227363
67,2016-07-16,
989,2016-07-25,
68,2016-08-01,0.7787601362381662
1431,2016-08-02,0.702071376144886
462,2016-08-09,0.7618525411401477
793,2016-08-10,
990,2016-08-10,0.0045350323198363185
69,2016-08-17,0.7273560597428254
1432,2016-08-18,0.6813634932041168
1874,2016-08-18,0.6802390207137381
463,2016-08-25,0.6530805091063181
991,2016-08-26,
794,2016-08-26,
70,2016-09-02,0.7018281937177693
1875,2016-09-03,0.5312682713071505
1433,2016-09-03,0.5414166661600271
464,2016-09-10,
795,2016-09-11,
992,2016-09-11,
71,2016-09-18,0.6808713113090821
1876,2016-09-19,0.5725047225132585
1434,2016-09-19,0.57929098525395
465,2016-09-26,
796,2016-09-27,0.664275617471763
993,2016-09-27,0.6581185574510268
72,2016-10-04,0.6756099510405744
1877,2016-10-05,0.5944806595465966
1435,2016-10-05,0.5960042620343821
466,2016-10-12,
797,2016-10-13,0.5964197787855353
994,2016-10-13,0.6018753780850342
73,2016-10-20,0.6641319995479924
1878,2016-10-21,0.525863327352064
1436,2016-10-21,0.5309317457888807
798,2016-10-29,0.636931716597506
995,2016-10-29,0.633808476052114
74,2016-11-05,
1879,2016-11-06,
1437,2016-11-06,
467,2016-11-13,
996,2016-11-14,0.6172506271728448
799,2016-11-14,0.6240365734057767
75,2016-11-21,0.6088614453162466
1880,2016-11-22,0.5257237782435757
1438,2016-11-22,0.5282205396464893
468,2016-11-29,
997,2016-11-30,
800,2016-11-30,
76,2016-12-07,0.4695909970573017
1881,2016-12-08,0.33593638986349106
1439,2016-12-08,
469,2016-12-15,
998,2016-12-16,
801,2016-12-16,
77,2016-12-23,0.6040607863771064
1440,2016-12-24,0.564559029104809
1882,2016-12-24,0.55962033290416
999,2017-01-01,0.6157728385712419
802,2017-01-01,0.6223408090216773
78,2017-01-08,
1441,2017-01-09,0.41568245912591617
1883,2017-01-09,0.20118809044361113
470,2017-01-16,
803,2017-01-17,0.6171886311577899
1000,2017-01-17,0.613219054415822
79,2017-01-24,0.609666997300727
1884,2017-01-25,0.40580989021275726
1442,2017-01-25,0.4049985978220191
471,2017-02-01,
1001,2017-02-02,0.5226448786932798
804,2017-02-02,0.5417618180846884
80,2017-02-09,0.626656994755779
1885,2017-02-10,
1443,2017-02-10,
472,2017-02-17,
805,2017-02-18,0.6231190676667862
1002,2017-02-18,0.6186226287058421
81,2017-02-25,
1886,2017-02-26,
1444,2017-02-26,
473,2017-03-05,0.5147651135921478
806,2017-03-06,0.6416218147746153
1003,2017-03-06,0.6344571834696191
82,2017-03-13,
474,2017-03-21,
807,2017-03-22,
1004,2017-03-22,
83,2017-03-29,0.6472429244646003
1887,2017-03-30,0.5059995800256729
1445,2017-03-30,0.5023457780480385
475,2017-04-06,0.49386007418589933
1005,2017-04-07,0.7114508588399207
808,2017-04-07,0.7205504349299839
84,2017-04-14,0.6678106540015766
1446,2017-04-15,0.5634776977201303
1888,2017-04-15,0.5641900699585676
476,2017-04-22,0.6473328774528844
809,2017-04-23,
1006,2017-04-23,
85,2017-04-30,
1447,2017-05-01,
1889,2017-05-01,
477,2017-05-08,0.6447632623038122
810,2017-05-09,0.7328817179160458
1007,2017-05-09,0.732404787093401
1448,2017-05-17,
478,2017-05-24,
811,2017-05-25,
1008,2017-05-25,0.7111412579459804
86,2017-06-01,0.7576720059982369
1449,2017-06-02,
479,2017-06-09,0.6622377965185376
1009,2017-06-10,0.7763612121343613
812,2017-06-10,0.7882929886026042
87,2017-06-17,0.8001912294753959
1450,2017-06-18,0.727513681032828
1890,2017-06-18,0.7230667562357016
480,2017-07-11,0.692637058773211
813,2017-07-12,
1010,2017-07-12,0.11402773447445638
88,2017-07-19,0.7790826074779034
1451,2017-07-20,0.7177664903657777
1891,2017-07-20,0.72402330913714
481,2017-07-27,0.7061041944793293
1011,2017-07-28,0.7586308313267571
814,2017-07-28,0.7649488720510687
1452,2017-08-05,
482,2017-08-12,0.6795506067574024
815,2017-08-13,
89,2017-08-20,0.7473670366619315
1453,2017-08-21,0.6438207539419334
1892,2017-08-21,0.6267956684653957
816,2017-08-29,0.7784428197358336
1012,2017-08-29,0.7705141486866134
90,2017-09-05,
1893,2017-09-06,
1454,2017-09-06,
817,2017-09-14,
1013,2017-09-14,0.842844115363227
91,2017-09-21,0.7166420641754354
1894,2017-09-22,0.6720970539110047
1455,2017-09-22,0.6748292094894818
483,2017-09-29,
1456,2017-10-08,0.4720922112464905
1895,2017-10-08,0.37409966935714084
484,2017-10-15,
1014,2017-10-16,
818,2017-10-16,
92,2017-10-23,0.6973597918237958
1896,2017-10-24,0.5687682614661753
1457,2017-10-24,0.5726020159199834
485,2017-10-31,
819,2017-11-01,
93,2017-11-08,0.6669013122362749
1458,2017-11-09,0.6057803383363145
1897,2017-11-09,0.6021157841065099
486,2017-11-16,
820,2017-11-17,0.651311298300113
1015,2017-11-17,0.640175137668848
94,2017-11-24,
1459,2017-11-25,0.6032265279619466
1898,2017-11-25,0.6029037839245228
1016,2017-12-03,
821,2017-12-03,
95,2017-12-10,
1460,2017-12-11,
1899,2017-12-11,
487,2017-12-18,
1017,2017-12-19,0.6349362733640841
822,2017-12-19,0.6384340133517981
96,2017-12-26,0.650391834122794
1461,2017-12-27,0.5668918713927269
1900,2017-12-27,0.5724508333951235
488,2018-01-03,
1018,2018-01-04,0.6377420851162502
823,2018-01-04,0.653914198545473
97,2018-01-11,
1901,2018-01-12,
1462,2018-01-12,
489,2018-01-19,
824,2018-01-20,
1019,2018-01-20,
98,2018-01-27,0.6534510930734021
1463,2018-01-28,0.6324219413101673
1902,2018-01-28,0.6306636345883211
490,2018-02-04,
825,2018-02-05,
1020,2018-02-05,
99,2018-02-12,0.646456862400685
1464,2018-02-13,
1903,2018-02-13,
491,2018-02-20,0.5890904138130801
826,2018-02-21,0.6269405968487263
1021,2018-02-21,0.6206615444804942
1904,2018-03-01,
1465,2018-03-01,
492,2018-03-08,
827,2018-03-09,0.6325701919517346
1022,2018-03-09,0.6294131723365614
100,2018-03-16,0.6619545375662191
1466,2018-03-17,0.3384169743706783
1905,2018-03-17,0.339983731508255
493,2018-03-24,0.616899389241423
1023,2018-03-25,0.6602730692497322
828,2018-03-25,0.6642682291567326
101,2018-04-01,
1906,2018-04-02,
1467,2018-04-02,
829,2018-04-10,0.024165616453891352
1024,2018-04-10,
102,2018-04-17,0.693145074482475
1468,2018-04-18,0.5897548696292298
1907,2018-04-18,0.5879521045301641
494,2018-04-25,0.6055973965142454
1025,2018-04-26,0.6967271209827491
830,2018-04-26,0.7052023474659239
103,2018-05-03,0.7001135386526585
1908,2018-05-04,0.5870729149984463
1469,2018-05-04,0.5880674738436937
495,2018-05-11,0.6148741442177976
831,2018-05-12,0.6856407006936414
1026,2018-05-12,0.6769175798233066
104,2018-05-19,0.6328458180562371
1470,2018-05-20,0.6267356287155832
1909,2018-05-20,0.6286540505077158
496,2018-05-27,
105,2018-06-04,
497,2018-06-12,0.7463062259058157
832,2018-06-13,0.802458039351872
1027,2018-06-13,0.7844502521412713
106,2018-06-20,
1910,2018-06-21,0.47136228283246356
1471,2018-06-21,0.48367664217948914
1028,2018-06-29,
833,2018-06-29,
1911,2018-07-07,0.7730341106653214
1472,2018-07-07,0.7198704268251147
498,2018-07-14,0.5815807740603175
834,2018-07-15,
1029,2018-07-15,
107,2018-07-22,0.7754389217921667
1912,2018-07-23,
1473,2018-07-23,
499,2018-07-30,0.6541585069149732
1030,2018-07-31,0.7386502197810582
835,2018-07-31,0.7446861900389194
108,2018-08-07,0.7805125644164426
1913,2018-08-08,0.6391580440104008
1474,2018-08-08,0.6379949503711291
500,2018-08-15,0.6752452818410737
836,2018-08-16,
1031,2018-08-16,
109,2018-08-23,
1475,2018-08-24,
1914,2018-08-24,
1032,2018-09-01,0.708361489964383
837,2018-09-01,0.7135231196880341
110,2018-09-08,0.708106963230031
1915,2018-09-09,0.6724564326306184
1476,2018-09-09,0.6791456647217273
501,2018-09-16,0.6475623846054077
838,2018-09-17,
111,2018-09-24,
1477,2018-09-25,
502,2018-10-02,0.6486359903854984
839,2018-10-03,0.6905534733086824
1033,2018-10-03,0.6816640650587422
112,2018-10-10,
1916,2018-10-11,
503,2018-10-18,0.6025513401255012
840,2018-10-19,0.6600451456116778
1034,2018-10-19,0.6510166890387024
113,2018-10-26,0.6607956535049848
1917,2018-10-27,0.5854377272937978
1478,2018-10-27,0.588400679773518
504,2018-11-03,0.5990012468149264
841,2018-11-04,0.6520851730768169
1035,2018-11-04,0.6486551612615585
114,2018-11-11,0.6480185887111085
1918,2018-11-12,0.5213971971534193
1479,2018-11-12,0.5210986728779972
505,2018-11-19,0.6320886911203464
842,2018-11-20,0.6324186796056372
1036,2018-11-20,0.6250452295477901
115,2018-11-27,0.6387160952602114
1480,2018-11-28,
1919,2018-11-28,
506,2018-12-05,0.5432522131928376
843,2018-12-06,
1037,2018-12-06,
116,2018-12-13,0.6146397462912969
1920,2018-12-14,0.44724819365711443
1481,2018-12-14,0.4510911456531002
507,2018-12-21,
1038,2018-12-22,
844,2018-12-22,
117,2018-12-29,0.6290981623211078
1482,2018-12-30,0.5543608114655528
1921,2018-12-30,0.551057099497744
508,2019-01-06,0.49614963254758293
1039,2019-01-07,0.6086042621838195
845,2019-01-07,0.6203633647944247
118,2019-01-14,
1922,2019-01-15,0.5410195800165335
1483,2019-01-15,0.5401742759471138
509,2019-01-22,0.49436806607104483
846,2019-01-23,0.6218733893973487
1040,2019-01-23,0.6082502707306827
119,2019-01-30,
1484,2019-01-31,0.4863386214710772
1923,2019-01-31,0.48241359693929553
510,2019-02-07,
847,2019-02-08,0.5571810573871647
1041,2019-02-08,0.5634071449083942
120,2019-02-15,
1485,2019-02-16,
1924,2019-02-16,
511,2019-02-23,0.567396741360426
1042,2019-02-24,0.6254738694322961
848,2019-02-24,0.6374608653464487
121,2019-03-03,
1925,2019-03-04,0.5238347476614373
1486,2019-03-04,0.5213681520628077
512,2019-03-11,0.5324668129906058
1043,2019-03-12,0.6304204993482148
849,2019-03-12,0.6366138492843935
122,2019-03-19,0.6400627991450685
1487,2019-03-20,0.554379106898393
1926,2019-03-20,0.5532869350697313
513,2019-03-27,
1044,2019-03-28,
850,2019-03-28,
123,2019-04-04,
1927,2019-04-05,0.46063313260674477
1488,2019-04-05,0.4664200519522031
1045,2019-04-13,
851,2019-04-13,
1489,2019-04-21,0.5445916221610138
1928,2019-04-21,0.543090551293322
514,2019-04-28,0.38521144787470496
1046,2019-04-29,0.614533543586731
852,2019-04-29,0.619214619909014
124,2019-05-06,
1929,2019-05-07,
1490,2019-05-07,
515,2019-05-14,
1047,2019-05-15,
853,2019-05-15,
125,2019-05-22,0.719634468534163
1930,2019-05-23,0.5956940991537912
1491,2019-05-23,0.594567637358393
516,2019-05-30,
854,2019-05-31,
1048,2019-05-31,0.529341287378754
126,2019-06-07,0.7644825604345118
1931,2019-06-08,0.6497496056059997
1492,2019-06-08,0.6493308370312054
517,2019-06-15,0.6988739908805915
855,2019-06-16,0.779618402676923
1049,2019-06-16,0.7685264631041459
127,2019-06-23,
518,2019-07-01,0.7224660728658949
1050,2019-07-02,0.7763793771820409
856,2019-07-02,0.7953036629727909
128,2019-07-09,0.6684017330408096
1932,2019-07-10,
1493,2019-07-10,
519,2019-07-17,
1051,2019-07-18,0.7648937228534902
857,2019-07-18,0.7755791800362724
129,2019-07-25,0.740071957132646
1933,2019-07-26,0.6650088014347213
1494,2019-07-26,0.6790382670504707
520,2019-08-02,0.6658898061141372
858,2019-08-03,0.74414726692651
1052,2019-08-03,0.7307021716343505
130,2019-08-10,0.7341591673237937
1495,2019-08-11,
1934,2019-08-11,
131,2019-08-26,
1496,2019-08-27,
1935,2019-08-27,
521,2019-09-03,0.6259967445262842
859,2019-09-04,
1053,2019-09-04,
132,2019-09-11,0.6964715527636665
1497,2019-09-12,0.6411264477563756
1936,2019-09-12,0.637748853170446
522,2019-09-19,0.615000527884279
1054,2019-09-20,0.6675199783806289
860,2019-09-20,0.676191414573363
1937,2019-09-28,0.5904535002829063
1498,2019-09-28,0.5814622511111556
523,2019-10-05,0.6104231567255087
861,2019-10-06,0.5348412895368205
1055,2019-10-06,0.4388117343187332
133,2019-10-13,
1938,2019-10-14,
524,2019-10-21,0.5900083376715581
862,2019-10-22,0.6219688036612102
1056,2019-10-22,0.612614440332566
134,2019-10-29,0.5668598796640123
1939,2019-10-30,0.5366167555252712
1499,2019-10-30,0.5194947615265846
525,2019-11-06,0.5548740942031145
863,2019-11-07,0.5883892865053244
1057,2019-11-07,0.58284966035613
135,2019-11-14,
1940,2019-11-15,0.6132073336177403
1500,2019-11-15,0.5670169904118493
526,2019-11-22,
864,2019-11-23,
1058,2019-11-23,
136,2019-11-30,0.5824605338275433
1501,2019-12-01,
1941,2019-12-01,
527,2019-12-08,
1059,2019-12-09,
865,2019-12-09,
137,2019-12-16,0.5678934824786016
528,2019-12-24,0.40643825630346936
866,2019-12-25,0.5476500208356552
1060,2019-12-25,0.5477597295705761
138,2020-01-01,
1942,2020-01-02,
1502,2020-01-02,
529,2020-01-09,0.4680623183293002
1061,2020-01-10,0.540821712198002
867,2020-01-10,0.5514639275414603
139,2020-01-17,0.4382249029087169
1503,2020-01-18,0.3124085012823343
1943,2020-01-18,0.3578526707632201
530,2020-01-25,0.5256572861224413
868,2020-01-26,0.5602086109242268
1062,2020-01-26,0.5493877833443028
140,2020-02-02,
1944,2020-02-03,0.509220352396369
1504,2020-02-03,0.49441672675311565
531,2020-02-10,
869,2020-02-11,
1063,2020-02-11,
141,2020-02-18,0.5597109446035964
1945,2020-02-19,
1505,2020-02-19,
532,2020-02-26,0.5213941053797801
1064,2020-02-27,
870,2020-02-27,
142,2020-03-05,0.5598128592329366
1946,2020-03-06,
1506,2020-03-06,
533,2020-03-13,0.48539632585431847
1065,2020-03-14,0.5737196100609643
871,2020-03-14,0.5756206791847944
1947,2020-03-22,
1507,2020-03-22,
534,2020-03-29,
1066,2020-03-30,0.5765607522002288
872,2020-03-30,0.5837749075144529
143,2020-04-06,0.5909453172768866
1948,2020-04-07,0.42381080736716586
1508,2020-04-07,0.38814015810688335
535,2020-04-14,0.5005248976605279
1067,2020-04-15,0.3173042112695319
873,2020-04-15,
144,2020-04-22,
536,2020-04-30,0.5846227966248989
874,2020-05-01,0.6151897928544453
1068,2020-05-01,0.6101253756455013
145,2020-05-08,
1949,2020-05-09,0.4809740847420124
1509,2020-05-09,0.462187385186553
537,2020-05-16,0.5706044589479764
875,2020-05-17,
1069,2020-05-17,
146,2020-05-24,0.6521129831671715
1510,2020-05-25,0.5604172333010605
1950,2020-05-25,0.5866853286113058
538,2020-06-01,0.24374696612358093
876,2020-06-02,
147,2020-06-09,0.6989911751023361
1951,2020-06-10,0.557894375707422
1511,2020-06-10,0.5405135809310845
148,2020-06-25,0.7446847307894912
1512,2020-06-26,
539,2020-07-03,
149,2020-07-11,
1513,2020-07-12,
1952,2020-07-12,
540,2020-07-19,0.7408369520058234
877,2020-07-20,0.3984316152476129
1070,2020-07-20,
150,2020-07-27,
1514,2020-07-28,0.7119095176458359
1953,2020-07-28,0.74071537454923
541,2020-08-04,
1071,2020-08-05,0.6251978570861476
878,2020-08-05,0.6288126499525138
151,2020-08-12,0.6758054047822952
1954,2020-08-13,0.6560246682592801
1515,2020-08-13,0.6426631595407213
542,2020-08-20,0.7009342387318611
1072,2020-08-21,0.6697406103568417
879,2020-08-21,0.6760277516607727
152,2020-08-28,
1955,2020-08-29,
1516,2020-08-29,
543,2020-09-05,
1073,2020-09-06,0.6861104456973928
880,2020-09-06,0.6940081630434309
153,2020-09-13,0.6911011577716896
1956,2020-09-14,0.6788085198828151
1517,2020-09-14,0.6683096829801798
544,2020-09-21,
1074,2020-09-22,0.6753664282815797
881,2020-09-22,0.6797328623277801
1957,2020-09-30,
1518,2020-09-30,
545,2020-10-07,0.6443934025509017
882,2020-10-08,0.64622763783804
1075,2020-10-08,0.6437780575028488
154,2020-10-15,
1958,2020-10-16,
1519,2020-10-16,
1076,2020-10-24,0.6196559499949217
883,2020-10-24,0.6275617512209075
155,2020-10-31,
1520,2020-11-01,
1959,2020-11-01,
1077,2020-11-09,0.6029876587646348
884,2020-11-09,0.6102399230003357
156,2020-11-16,0.600667477186237
1960,2020-11-17,
1521,2020-11-17,
546,2020-11-24,0.4290781617164612
885,2020-11-25,0.5975787732750177
1078,2020-11-25,0.5898370093532971
157,2020-12-02,0.5956753694585392
1522,2020-12-03,0.5777928556005161
1961,2020-12-03,0.5990770866473516
547,2020-12-10,
886,2020-12-11,0.5864605525774615
1079,2020-12-11,0.5756473421518291
158,2020-12-18,
1523,2020-12-19,0.5762416107580065
1962,2020-12-19,0.5912923805415631
548,2020-12-26,
1080,2020-12-27,
887,2020-12-27,
159,2021-01-03,0.594528291374445
1524,2021-01-04,0.5530493855476379
1963,2021-01-04,0.5595210194587708
549,2021-01-11,0.5880179689931019
888,2021-01-12,0.5868198062692369
1081,2021-01-12,0.5817679919834648
160,2021-01-19,
1964,2021-01-20,
1525,2021-01-20,
550,2021-01-27,0.5483864277069058
889,2021-01-28,0.5614002575831754
1082,2021-01-28,0.5523532871156931
161,2021-02-04,
1526,2021-02-05,
1965,2021-02-05,
1083,2021-02-13,
890,2021-02-13,
162,2021-02-20,0.6414749255137784
1966,2021-02-21,
1527,2021-02-21,
551,2021-02-28,0.6421512892203671
891,2021-03-01,
1084,2021-03-01,
163,2021-03-08,0.6713276313883918
1967,2021-03-09,
1528,2021-03-09,
552,2021-03-16,0.41324663162231445
1085,2021-03-17,
892,2021-03-17,0.17345950925456624
164,2021-03-24,
1968,2021-03-25,
1529,2021-03-25,
893,2021-04-02,
1086,2021-04-02,
165,2021-04-09,0.5424372010997363
1969,2021-04-10,0.3957745671272278
1530,2021-04-10,0.39899762719869614
894,2021-04-18,
1087,2021-04-18,
166,2021-04-25,0.5335364064999989
1970,2021-04-26,0.48732485959217664
1531,2021-04-26,0.48999850097156705
553,2021-05-03,0.4936937093734741
1088,2021-05-04,0.49572269724948065
895,2021-05-04,0.5053550132683344
167,2021-05-11,0.5273975352091449
1532,2021-05-12,
1971,2021-05-12,
1089,2021-05-20,
896,2021-05-20,
168,2021-05-27,
1533,2021-05-28,0.5046782605350018
1972,2021-05-28,0.514573689053456
554,2021-06-04,
1090,2021-06-05,0.5610163131994861
897,2021-06-05,0.5610268924917494
169,2021-06-12,0.5538218968680927
1973,2021-06-13,0.0024929178296588363
1534,2021-06-13,0.0011474320199340582
555,2021-06-20,0.48750460453863653
1091,2021-06-21,
898,2021-06-21,
170,2021-06-28,0.5437141640377896
1535,2021-06-29,
1974,2021-06-29,
1092,2021-07-07,0.8469299844333104
899,2021-07-07,0.8284493293613195
171,2021-07-14,0.5142316695834909
1536,2021-07-15,0.5182253218122892
1975,2021-07-15,0.5602889704917159
556,2021-07-22,
900,2021-07-23,
1093,2021-07-23,
172,2021-07-30,
1976,2021-07-31,0.2313821812470754
1537,2021-07-31,0.217746339738369
901,2021-08-08,0.10150217817031912
1094,2021-08-08,
1538,2021-08-16,
902,2021-08-24,0.5354829696672303
1095,2021-08-24,0.5336080933255809
173,2021-08-31,0.537634796329907
1539,2021-09-01,0.5138147425438677
1977,2021-09-01,0.5114865356257983
557,2021-09-08,0.5477828048169613
1096,2021-09-09,0.5129393485507795
903,2021-09-09,0.5149882837597812
174,2021-09-16,0.524592605552503
1978,2021-09-17,
1540,2021-09-17,
558,2021-09-24,0.4954997761441129
904,2021-09-25,
1097,2021-09-25,
175,2021-10-02,
1979,2021-10-03,0.48485346032040455
1541,2021-10-03,0.4890488290360996
559,2021-10-10,0.4474223527525153
1098,2021-10-11,0.48646339401602745
905,2021-10-11,0.48898758579577717
176,2021-10-18,0.49548737491880146
1980,2021-10-19,
1542,2021-10-19,
560,2021-10-26,
1099,2021-10-27,
906,2021-10-27,
177,2021-11-03,
1981,2021-11-04,0.47346229735939277
1543,2021-11-04,0.46546477102452805
0,2021-11-07,0.46418100222945213
561,2021-11-11,
907,2021-11-12,0.466338215129716
1100,2021-11-12,0.46072425852928844
178,2021-11-19,
1982,2021-11-20,
1544,2021-11-20,
562,2021-11-27,0.42681992160422466
908,2021-11-28,0.44569936607565197
179,2021-12-05,
1545,2021-12-06,
1983,2021-12-06,
711,2021-12-06,
702,2021-12-06,
563,2021-12-13,0.41646414223526207
1,2021-12-13,0.4517190882137843
1101,2021-12-14,0.43514078961951397
909,2021-12-14,0.4352471309580973
180,2021-12-21,
1984,2021-12-22,
712,2021-12-22,
1546,2021-12-22,
703,2021-12-22,
1102,2021-12-30,0.4480998489473547
910,2021-12-30,0.45375867773379597
181,2022-01-06,0.44257125152008875
713,2022-01-07,
1985,2022-01-07,0.42987894732505083
704,2022-01-07,0.461146004187564
1547,2022-01-07,0.4092370653524995
564,2022-01-14,0.3596588969230652
2,2022-01-14,0.458767794072628
1103,2022-01-15,
911,2022-01-15,
182,2022-01-22,0.4667908341756889
714,2022-01-23,0.44709504927907673
1986,2022-01-23,0.41926954039150766
1548,2022-01-23,0.420107230011906
705,2022-01-23,0.4509890295032944
565,2022-01-30,0.395663288554975
3,2022-01-30,0.4559410315539155
912,2022-01-31,0.45724286085792953
1104,2022-01-31,0.45072948187589645
183,2022-02-07,
706,2022-02-08,0.44901771204812185
715,2022-02-08,0.44848616740533287
1549,2022-02-08,
1987,2022-02-08,
1105,2022-02-16,0.45024113649768494
913,2022-02-16,0.4549205183450665
184,2022-02-23,
1550,2022-02-24,0.37045346493167536
707,2022-02-24,0.399611519915717
716,2022-02-24,0.39722767232784206
1988,2022-02-24,0.374027055022972
566,2022-03-03,
4,2022-03-03,
1106,2022-03-04,
914,2022-03-04,
185,2022-03-11,
1989,2022-03-12,
1551,2022-03-12,
567,2022-03-19,
5,2022-03-19,
915,2022-03-20,
1107,2022-03-20,0.0991893382743001
186,2022-03-27,0.42768477116312303
1552,2022-03-28,
1990,2022-03-28,
708,2022-03-28,
717,2022-03-28,
568,2022-04-04,0.44636168543781557
6,2022-04-04,0.47942827375871794
1108,2022-04-05,0.4766085914203099
916,2022-04-05,0.4768692614244563
187,2022-04-12,
718,2022-04-13,0.47820127728794304
709,2022-04-13,0.4807070102542639
7,2022-04-20,0.5039574471967562
917,2022-04-21,
188,2022-04-28,0.530204215752227
719,2022-04-29,0.5202759663973535
710,2022-04-29,0.5269950771970409
